-353.0,182.0,60.560618,60.560618
-353.0,191.0,57.165935,57.165935
-353.0,200.0,54.205058,54.205058
-341.0,163.0,89.269854,89.269854
-341.0,172.0,61.110896,70.522814
-341.0,182.0,142.033015,76.684087
-341.0,191.0,70.78981,55.62113
-341.0,200.0,73.715394,106.569269
-341.0,210.0,154.569796,154.569796
-341.0,219.0,53.743002,124.385156
-330.0,153.0,106.049358,106.049358
-330.0,163.0,125.922167,106.049358
-330.0,172.0,143.252308,88.42094
-330.0,182.0,91.463933,91.463933
-330.0,191.0,168.561388,168.561388
-330.0,200.0,126.085827,126.085827
-330.0,210.0,116.009452,203.029425
-330.0,219.0,272.278664,272.278664
-330.0,228.0,228.137838,228.137838
-330.0,238.0,179.092477,179.092477
-318.0,144.0,104.892579,124.026857
-318.0,153.0,160.958641,143.162036
-318.0,163.0,164.423346,114.560848
-318.0,172.0,104.358998,115.836624
-318.0,182.0,163.066423,88.42094
-318.0,191.0,127.784849,147.323607
-318.0,200.0,208.158974,211.360774
-318.0,210.0,112.863496,108.268986
-318.0,219.0,207.32461,108.268986
-318.0,228.0,211.815519,203.615157
-318.0,238.0,216.805418,177.061995
-318.0,247.0,221.296328,221.296328
-318.0,256.0,267.374128,181.313732
-306.0,135.0,68.949735,68.949735
-306.0,144.0,118.324155,96.488296
-306.0,153.0,124.026857,124.026857
-306.0,163.0,121.659574,124.026857
-306.0,172.0,114.560848,114.560848
-306.0,182.0,88.42094,88.42094
-306.0,191.0,295.626871,100.456376
-306.0,200.0,296.635721,296.635721
-306.0,210.0,296.635721,197.495334
-306.0,219.0,108.268986,108.268986
-306.0,228.0,139.893341,139.893341
-306.0,238.0,175.031513,175.031513
-306.0,247.0,206.655868,175.031513
-306.0,256.0,238.280223,238.280223
-306.0,266.0,273.418396,238.280223
-306.0,275.0,170.772991,124.732371
-294.0,125.0,113.954118,113.954118
-294.0,135.0,171.014096,96.816357
-294.0,144.0,81.392372,81.392372
-294.0,153.0,87.095074,101.587654
-294.0,163.0,93.431409,93.431409
-294.0,172.0,80.740013,95.967674
-294.0,182.0,75.303646,84.009251
-294.0,191.0,191.484098,57.108161
-294.0,200.0,198.546048,100.456376
-294.0,210.0,69.719044,69.719044
-294.0,219.0,84.440893,92.64132
-294.0,228.0,184.161883,157.462427
-294.0,238.0,209.667712,263.799801
-294.0,247.0,241.292067,241.292067
-294.0,256.0,272.916422,241.292067
-294.0,266.0,280.189646,280.189646
-294.0,275.0,250.376363,172.50369
-294.0,285.0,52.852628,52.852628
-282.0,116.0,112.235021,112.235021
-282.0,125.0,65.927656,113.04933
-282.0,135.0,260.888249,97.836261
-282.0,144.0,201.387629,97.836261
-282.0,153.0,97.836261,97.836261
-282.0,163.0,70.87353,87.066913
-282.0,172.0,77.3745,77.3745
-282.0,182.0,79.597563,57.108161
-282.0,191.0,57.108161,57.108161
-282.0,200.0,100.456376,100.456376
-282.0,210.0,62.291805,77.013654
-282.0,219.0,77.013654,77.013654
-282.0,228.0,236.697892,263.799801
-282.0,238.0,263.799801,263.799801
-282.0,247.0,275.661216,237.984555
-282.0,256.0,212.16931,182.869724
-282.0,266.0,146.937754,182.869724
-282.0,275.0,182.869724,182.869724
-282.0,285.0,151.029003,98.676217
-282.0,294.0,231.41669,101.47716
-282.0,303.0,124.732371,124.732371
-271.0,107.0,169.819418,50.607575
-271.0,116.0,78.803427,50.607575
-271.0,125.0,50.607575,50.607575
-271.0,135.0,64.98126,67.454856
-271.0,144.0,82.617409,50.183995
-271.0,153.0,52.963148,50.183995
-271.0,163.0,50.183995,50.183995
-271.0,172.0,66.025689,69.544656
-271.0,182.0,66.505727,133.94582
-271.0,191.0,70.916345,72.203058
-271.0,200.0,57.71704,89.093268
-271.0,210.0,76.69715,76.69715
-271.0,219.0,93.427025,86.333832
-271.0,228.0,110.1569,249.659675
-271.0,238.0,253.823841,225.783447
-271.0,247.0,249.538593,96.775332
-271.0,256.0,276.026573,96.775332
-271.0,266.0,96.775332,96.775332
-271.0,275.0,115.405909,117.572836
-271.0,285.0,140.681173,140.681173
-271.0,294.0,154.375492,154.375492
-271.0,303.0,189.408669,122.330594
-271.0,313.0,36.409549,140.246992
-259.0,97.0,259.957289,259.957289
-259.0,107.0,63.211111,259.957289
-259.0,116.0,45.8849,45.8849
-259.0,125.0,47.607267,45.8849
-259.0,135.0,55.181891,91.318891
-259.0,144.0,132.237359,95.710961
-259.0,153.0,100.103031,91.318891
-259.0,163.0,65.327583,65.256402
-259.0,172.0,61.003008,61.003008
-259.0,182.0,133.94582,133.94582
-259.0,191.0,88.670218,88.670218
-259.0,200.0,111.665055,111.665055
-259.0,210.0,60.3959,103.684131
-259.0,219.0,96.5013,187.101688
-259.0,228.0,178.2248,162.293478
-259.0,238.0,184.311061,220.828627
-259.0,247.0,193.440453,206.048985
-259.0,256.0,191.269343,138.270577
-259.0,266.0,131.572995,134.436691
-259.0,275.0,130.986194,123.028159
-259.0,285.0,131.854666,123.028159
-259.0,294.0,86.395661,137.042982
-259.0,303.0,119.710472,119.710472
-259.0,313.0,144.023797,144.023797
-259.0,322.0,165.905789,165.905789
-259.0,331.0,108.289293,108.289293
-247.0,78.0,179.295332,179.295332
-247.0,88.0,260.009602,61.498564
-247.0,97.0,175.082911,64.051233
-247.0,107.0,66.887532,45.305021
-247.0,116.0,45.868332,56.791771
-247.0,125.0,68.278522,68.278522
-247.0,135.0,80.405032,80.405032
-247.0,144.0,91.318891,91.318891
-247.0,153.0,128.212117,91.318891
-247.0,163.0,69.982395,130.457275
-247.0,172.0,119.432214,130.457275
-247.0,182.0,129.163406,128.31994
-247.0,191.0,122.176512,136.491911
-247.0,200.0,167.4823,151.335311
-247.0,210.0,174.917815,187.101688
-247.0,219.0,181.609779,187.101688
-247.0,228.0,188.301743,170.259139
-247.0,238.0,182.498921,202.569844
-247.0,247.0,220.828627,220.828627
-247.0,256.0,270.187869,181.722182
-247.0,266.0,138.270577,123.028159
-247.0,275.0,103.879232,123.028159
-247.0,285.0,123.028159,123.028159
-247.0,294.0,28.081194,28.081194
-247.0,303.0,44.482138,69.421345
-247.0,313.0,74.3256,154.964793
-247.0,322.0,96.207592,96.207592
-247.0,331.0,118.089584,78.34034
-247.0,341.0,142.402908,29.075802
-235.0,78.0,88.83444,118.937637
-235.0,88.0,65.082877,44.132933
-235.0,97.0,61.498564,61.498564
-235.0,107.0,45.189045,52.975647
-235.0,116.0,45.305021,45.305021
-235.0,125.0,45.420997,45.305021
-235.0,135.0,45.549859,45.549859
-235.0,144.0,45.665835,45.665835
-235.0,153.0,45.78181,45.78181
-235.0,163.0,136.842403,90.347844
-235.0,172.0,130.457275,130.457275
-235.0,182.0,122.69406,247.455052
-235.0,191.0,184.313603,179.756353
-235.0,200.0,191.005567,191.005567
-235.0,210.0,178.991214,188.950894
-235.0,219.0,187.101688,196.878465
-235.0,228.0,195.212162,195.212162
-235.0,238.0,162.293478,162.293478
-235.0,247.0,166.310663,162.293478
-235.0,256.0,279.764665,139.600869
-235.0,266.0,130.462594,197.469284
-235.0,275.0,123.403441,123.403441
-235.0,285.0,113.209014,111.136692
-235.0,294.0,19.132217,105.069978
-235.0,303.0,19.132217,81.078207
-235.0,313.0,4.390942,97.881418
-235.0,322.0,26.509396,97.881418
-235.0,331.0,48.391388,48.391388
-235.0,341.0,72.704712,72.704712
-235.0,350.0,94.586704,94.586704
-223.0,69.0,51.626551,51.626551
-223.0,78.0,58.579942,44.132933
-223.0,88.0,44.132933,44.132933
-223.0,97.0,44.482896,112.73045
-223.0,107.0,188.949913,188.949913
-223.0,116.0,174.333884,117.127467
-223.0,125.0,168.262031,168.262031
-223.0,135.0,161.515528,103.676677
-223.0,144.0,155.443675,155.443675
-223.0,153.0,123.892318,103.498581
-223.0,163.0,113.943731,113.943731
-223.0,172.0,130.006171,121.033618
-223.0,182.0,158.859555,247.455052
-223.0,191.0,166.970029,171.645879
-223.0,200.0,175.080503,187.398562
-223.0,210.0,184.092141,196.878465
-223.0,219.0,192.202615,196.878465
-223.0,228.0,176.888318,164.864891
-223.0,238.0,149.121173,149.121173
-223.0,247.0,139.600869,139.600869
-223.0,256.0,277.551582,139.600869
-223.0,266.0,131.100147,113.109556
-223.0,275.0,118.032718,106.542241
-223.0,285.0,99.245224,95.015066
-223.0,294.0,105.069978,58.271324
-223.0,303.0,74.545534,51.451864
-223.0,313.0,5.566109,81.078207
-223.0,322.0,9.551715,97.881418
-223.0,331.0,4.4756,57.500809
-223.0,341.0,4.19311,4.19311
-223.0,350.0,24.888508,25.481805
-223.0,359.0,46.770499,46.770499
-223.0,369.0,71.083824,55.359805
-212.0,69.0,52.631224,56.724425
-212.0,78.0,57.552709,51.670503
-212.0,88.0,50.05353,48.815734
-212.0,97.0,171.685642,171.685642
-212.0,107.0,132.781993,185.867648
-212.0,116.0,185.867648,185.867648
-212.0,125.0,174.511424,177.292672
-212.0,135.0,167.764921,167.764921
-212.0,144.0,161.693068,136.101112
-212.0,153.0,104.437304,104.437304
-212.0,163.0,94.488717,108.625705
-212.0,172.0,112.395265,112.395265
-212.0,182.0,247.455052,171.645879
-212.0,191.0,171.645879,171.645879
-212.0,200.0,179.756353,196.878465
-212.0,210.0,188.767991,196.878465
-212.0,219.0,196.878465,196.878465
-212.0,228.0,131.981355,137.046559
-212.0,238.0,137.046559,137.046559
-212.0,247.0,115.116891,146.873802
-212.0,256.0,156.701046,113.109556
-212.0,266.0,91.096374,113.109556
-212.0,275.0,113.109556,113.109556
-212.0,285.0,88.029204,95.015066
-212.0,294.0,101.352196,56.791851
-212.0,303.0,58.271324,58.271324
-212.0,313.0,81.078207,81.078207
-212.0,322.0,97.881418,97.881418
-212.0,331.0,57.500809,57.500809
-212.0,341.0,12.633465,57.500809
-212.0,350.0,5.10414,118.279695
-212.0,359.0,4.849899,65.660065
-212.0,369.0,7.19381,7.19381
-212.0,378.0,29.075802,29.075802
-200.0,69.0,56.724425,56.724425
-200.0,78.0,56.43209,52.266588
-200.0,88.0,53.924243,53.924243
-200.0,97.0,96.221943,53.924243
-200.0,107.0,145.456531,145.456531
-200.0,116.0,188.913651,164.247874
-200.0,125.0,183.039217,183.039217
-200.0,135.0,174.58244,183.039217
-200.0,144.0,149.077553,107.474553
-200.0,153.0,113.551485,102.238739
-200.0,163.0,96.421169,188.201324
-200.0,172.0,115.64218,188.201324
-200.0,182.0,238.239865,214.760052
-200.0,191.0,142.8145,135.30285
-200.0,200.0,128.426051,186.812636
-200.0,210.0,193.868918,193.868918
-200.0,219.0,140.282621,153.286895
-200.0,228.0,92.205843,116.101197
-200.0,238.0,123.874253,100.22104
-200.0,247.0,88.407097,88.407097
-200.0,256.0,132.043599,87.876852
-200.0,266.0,87.287691,87.287691
-200.0,275.0,78.157151,99.519101
-200.0,285.0,95.015066,56.791851
-200.0,294.0,56.791851,56.791851
-200.0,303.0,91.990474,69.674766
-200.0,313.0,102.609993,109.947129
-200.0,322.0,113.587362,149.793421
-200.0,331.0,124.564731,109.135799
-200.0,341.0,63.951665,100.489656
-200.0,350.0,70.1591,109.384675
-200.0,359.0,118.279695,80.815562
-200.0,369.0,106.121637,80.815562
-200.0,378.0,81.788872,42.7793
-200.0,388.0,5.174241,16.855758
-188.0,69.0,50.840158,54.790551
-188.0,78.0,54.186453,54.349339
-188.0,88.0,54.918862,52.266588
-188.0,97.0,60.91715,177.292881
-188.0,107.0,124.355454,177.292881
-188.0,116.0,177.292881,177.292881
-188.0,125.0,208.463061,180.01483
-188.0,135.0,186.928083,107.474553
-188.0,144.0,134.546059,107.474553
-188.0,153.0,107.474553,107.474553
-188.0,163.0,109.99404,149.962327
-188.0,172.0,188.201324,214.760052
-188.0,182.0,214.760052,214.760052
-188.0,191.0,98.959821,91.513816
-188.0,200.0,91.513816,193.868918
-188.0,210.0,123.816766,145.384923
-188.0,219.0,109.695325,94.656231
-188.0,228.0,94.656231,100.22104
-188.0,238.0,100.22104,100.22104
-188.0,247.0,165.7688,86.144602
-188.0,256.0,72.068164,78.39126
-188.0,266.0,116.441127,78.39126
-188.0,275.0,78.39126,78.39126
-188.0,285.0,120.197548,75.903459
-188.0,294.0,90.260531,145.46397
-188.0,303.0,126.618975,126.618975
-188.0,313.0,138.816052,138.816052
-188.0,322.0,149.793421,149.793421
-188.0,331.0,160.770789,160.770789
-188.0,341.0,52.369062,129.043877
-188.0,350.0,100.489656,100.489656
-188.0,359.0,125.137549,100.489656
-188.0,369.0,80.815562,80.815562
-188.0,378.0,56.482797,5.870647
-188.0,388.0,29.446392,29.446392
-188.0,397.0,39.798213,39.798213
-188.0,406.0,4.635713,4.635713
-176.0,69.0,52.856677,52.856677
-176.0,78.0,144.682669,52.266588
-176.0,88.0,52.266588,52.266588
-176.0,97.0,125.22034,82.99361
-176.0,107.0,117.134745,117.134745
-176.0,116.0,188.248361,147.213813
-176.0,125.0,239.611239,239.611239
-176.0,135.0,214.24338,211.883262
-176.0,144.0,180.256283,180.256283
-176.0,153.0,112.580697,145.780727
-176.0,163.0,107.377265,107.377265
-176.0,172.0,146.058357,201.480688
-176.0,182.0,91.432466,156.350283
-176.0,191.0,94.727165,101.235213
-176.0,200.0,98.021865,96.598229
-176.0,210.0,101.682642,134.688709
-176.0,219.0,120.431594,134.688709
-176.0,228.0,103.025125,97.438636
-176.0,238.0,100.22104,100.22104
-176.0,247.0,165.7688,165.7688
-176.0,256.0,74.601691,133.929168
-176.0,266.0,98.5518,98.5518
-176.0,275.0,93.056878,89.002071
-176.0,285.0,120.186091,145.46397
-176.0,294.0,145.46397,145.46397
-176.0,303.0,149.943593,132.717513
-176.0,313.0,175.02211,144.304736
-176.0,322.0,185.999479,185.999479
-176.0,331.0,196.976848,196.976848
-176.0,341.0,82.699618,82.699618
-176.0,350.0,147.29364,91.594637
-176.0,359.0,112.345357,112.345357
-176.0,369.0,55.509487,55.509487
-176.0,378.0,31.176722,5.870647
-176.0,388.0,81.898053,49.930827
-176.0,397.0,27.011589,22.216963
-176.0,406.0,3.285986,4.635713
-164.0,69.0,58.669434,58.669434
-164.0,78.0,134.604314,137.821405
-164.0,88.0,141.621984,99.801096
-164.0,97.0,137.146817,137.146817
-164.0,107.0,132.174409,125.654439
-164.0,116.0,115.311299,115.311299
-164.0,125.0,139.859522,146.878288
-164.0,135.0,181.952721,181.952721
-164.0,144.0,176.08983,181.952721
-164.0,153.0,135.229523,135.229523
-164.0,163.0,90.022414,135.229523
-164.0,172.0,94.279737,93.058015
-164.0,182.0,97.940514,97.940514
-164.0,191.0,101.235213,101.235213
-164.0,200.0,104.529913,104.529913
-164.0,210.0,108.19069,120.402964
-164.0,219.0,134.688709,134.688709
-164.0,228.0,92.354918,92.354918
-164.0,238.0,100.22104,100.22104
-164.0,247.0,165.7688,88.678129
-164.0,256.0,77.135218,77.135218
-164.0,266.0,112.7264,77.135218
-164.0,275.0,107.722497,125.719783
-164.0,285.0,115.213001,128.656484
-164.0,294.0,132.139004,140.212127
-164.0,303.0,105.819727,105.819727
-164.0,313.0,174.714574,174.714574
-164.0,322.0,222.205538,222.205538
-164.0,331.0,233.182907,145.040035
-164.0,341.0,113.030175,140.076189
-164.0,350.0,135.608727,108.65932
-164.0,359.0,113.28504,71.495995
-164.0,369.0,30.203411,30.203411
-164.0,378.0,5.870647,5.870647
-164.0,388.0,13.995086,13.995086
-164.0,397.0,70.415262,70.415262
-164.0,406.0,10.442634,10.442634
-164.0,416.0,4.3378,10.442634
-153.0,60.0,80.11124,80.11124
-153.0,69.0,63.997794,63.997794
-153.0,78.0,137.821405,137.821405
-153.0,88.0,143.374395,140.81095
-153.0,97.0,138.899228,137.550047
-153.0,107.0,133.926821,133.926821
-153.0,116.0,129.451654,133.926821
-153.0,125.0,41.881576,41.881576
-153.0,135.0,123.978099,41.881576
-153.0,144.0,169.34113,169.34113
-153.0,153.0,128.480823,169.34113
-153.0,163.0,85.399269,93.87558
-153.0,172.0,91.798693,93.87558
-153.0,182.0,90.831993,93.058015
-153.0,191.0,107.200924,96.908278
-153.0,200.0,110.495624,91.317955
-153.0,210.0,114.156401,114.156401
-153.0,219.0,117.4511,129.55718
-153.0,228.0,122.949094,134.686
-153.0,238.0,148.477502,131.51771
-153.0,247.0,165.7688,164.55185
-153.0,256.0,79.457618,146.157713
-153.0,266.0,125.719783,135.831598
-153.0,275.0,121.16598,132.43286
-153.0,285.0,128.656484,159.467411
-153.0,294.0,135.397937,270.903786
-153.0,303.0,134.065445,270.903786
-153.0,313.0,327.854163,197.427644
-153.0,322.0,228.679531,309.728123
-153.0,331.0,276.287055,299.801745
-153.0,341.0,145.040035,108.65932
-153.0,350.0,114.819422,108.65932
-153.0,359.0,108.65932,108.65932
-153.0,369.0,7.006176,18.566002
-153.0,378.0,73.97604,109.116693
-153.0,388.0,125.829181,149.004064
-153.0,397.0,106.898568,41.732701
-153.0,406.0,18.731816,10.442634
-153.0,416.0,3.100551,6.285681
-141.0,60.0,73.834767,79.647524
-141.0,69.0,69.810551,100.909599
-141.0,78.0,141.330959,141.330959
-141.0,88.0,82.703347,142.092673
-141.0,97.0,140.81095,140.81095
-141.0,107.0,135.838543,140.81095
-141.0,116.0,131.363376,121.616883
-141.0,125.0,125.264215,101.045805
-141.0,135.0,78.189053,78.189053
-141.0,144.0,161.978913,99.653829
-141.0,153.0,121.118606,121.118606
-141.0,163.0,80.355838,106.780171
-141.0,172.0,93.87558,93.87558
-141.0,182.0,93.058015,94.150211
-141.0,191.0,92.187985,92.187985
-141.0,200.0,91.317955,91.317955
-141.0,210.0,120.664449,91.317955
-141.0,219.0,123.959149,123.959149
-141.0,228.0,134.686,134.686
-141.0,238.0,165.659533,165.659533
-141.0,247.0,165.7688,165.105691
-141.0,256.0,164.55185,154.068983
-141.0,266.0,139.894383,144.47036
-141.0,275.0,135.831598,154.068983
-141.0,285.0,143.322102,159.467411
-141.0,294.0,153.736424,242.106667
-141.0,303.0,270.903786,220.921667
-141.0,313.0,363.499944,405.207308
-141.0,322.0,405.207308,266.105025
-141.0,331.0,299.801745,299.801745
-141.0,341.0,172.834459,228.166037
-141.0,350.0,163.6939,163.6939
-141.0,359.0,139.309233,163.6939
-141.0,369.0,209.013968,234.884375
-141.0,378.0,221.748743,221.748743
-141.0,388.0,296.286586,296.286586
-141.0,397.0,108.040989,108.040989
-141.0,406.0,71.001184,71.001184
-141.0,416.0,1.750824,1.750824
-141.0,425.0,3.912211,4.623157
-129.0,60.0,79.647524,79.647524
-129.0,69.0,130.46484,130.46484
-129.0,78.0,144.840512,144.840512
-129.0,88.0,91.342966,91.342966
-129.0,97.0,142.722672,114.775169
-129.0,107.0,137.750264,121.616883
-129.0,116.0,133.275098,121.616883
-129.0,125.0,121.616883,121.616883
-129.0,135.0,94.869777,113.548458
-129.0,144.0,106.286876,75.312406
-129.0,153.0,113.756389,75.312406
-129.0,163.0,75.312406,75.312406
-129.0,172.0,123.146196,99.794725
-129.0,182.0,95.284038,94.150211
-129.0,191.0,94.414008,93.978993
-129.0,200.0,93.543978,93.543978
-129.0,210.0,92.577278,92.577278
-129.0,219.0,91.707248,129.322574
-129.0,228.0,90.837218,134.048951
-129.0,238.0,182.841564,165.714166
-129.0,247.0,165.7688,165.7688
-129.0,256.0,164.55185,160.226782
-129.0,266.0,154.068983,154.068983
-129.0,275.0,171.267121,154.068983
-129.0,285.0,159.467411,239.069
-129.0,294.0,242.106667,220.921667
-129.0,303.0,234.301667,220.921667
-129.0,313.0,442.310344,384.353626
-129.0,322.0,405.207308,335.656166
-129.0,331.0,266.105025,266.105025
-129.0,341.0,224.817822,224.817822
-129.0,350.0,199.754415,194.255861
-129.0,359.0,174.691007,174.691007
-129.0,369.0,273.7228,221.949171
-129.0,378.0,230.95265,234.884375
-129.0,388.0,256.9001,244.729895
-129.0,397.0,123.0066,182.356384
-129.0,406.0,31.087584,54.926662
-129.0,416.0,1.575464,0.861236
-129.0,425.0,-0.028352,4.723871
-129.0,434.0,4.723871,4.723871
-117.0,60.0,85.46028,85.46028
-117.0,69.0,133.974394,137.652676
-117.0,78.0,148.350066,148.350066
-117.0,88.0,164.323036,167.83259
-117.0,97.0,144.634394,144.634394
-117.0,107.0,139.661986,144.634394
-117.0,116.0,142.041945,114.322217
-117.0,125.0,117.96955,103.38022
-117.0,135.0,91.222444,91.222444
-117.0,144.0,60.49783,91.222444
-117.0,153.0,106.394171,65.225544
-117.0,163.0,70.268975,86.535189
-117.0,172.0,105.71387,105.71387
-117.0,182.0,94.150211,94.150211
-117.0,191.0,96.64003,96.64003
-117.0,200.0,95.770001,95.770001
-117.0,210.0,94.803301,95.770001
-117.0,219.0,93.933271,93.933271
-117.0,228.0,133.411902,133.411902
-117.0,238.0,147.876571,147.876571
-117.0,247.0,139.943876,147.876571
-117.0,256.0,101.888833,101.888833
-117.0,266.0,120.601139,133.293204
-117.0,275.0,161.557139,159.221235
-117.0,285.0,188.036516,159.221235
-117.0,294.0,228.726667,231.514167
-117.0,303.0,220.921667,220.921667
-117.0,313.0,332.709677,332.709677
-117.0,322.0,405.207308,405.207308
-117.0,331.0,266.105025,266.105025
-117.0,341.0,276.801186,266.105025
-117.0,350.0,251.737779,249.5942
-117.0,359.0,226.674371,257.08882
-117.0,369.0,265.416175,265.416175
-117.0,378.0,234.884375,234.884375
-117.0,388.0,193.173205,193.173205
-117.0,397.0,182.356384,182.356384
-117.0,406.0,38.85214,38.85214
-117.0,416.0,47.565855,47.565855
-117.0,425.0,15.444276,21.594121
-117.0,434.0,1.618223,77.77837
-105.0,60.0,91.273037,91.273037
-105.0,69.0,137.483948,137.483948
-105.0,78.0,151.85962,167.83259
-105.0,88.0,167.83259,167.83259
-105.0,97.0,114.381951,155.394172
-105.0,107.0,141.573708,114.322217
-105.0,116.0,138.394612,114.322217
-105.0,125.0,114.322217,114.322217
-105.0,135.0,87.575112,87.575112
-105.0,144.0,63.502716,65.225544
-105.0,153.0,99.031954,65.225544
-105.0,163.0,65.225544,65.225544
-105.0,172.0,86.975341,99.680656
-105.0,182.0,108.525754,88.439388
-105.0,191.0,98.866053,97.588885
-105.0,200.0,97.996023,91.916734
-105.0,210.0,110.765331,131.312719
-105.0,219.0,127.024388,131.312719
-105.0,228.0,129.123041,115.960676
-105.0,238.0,115.424848,122.73999
-105.0,247.0,101.478075,137.031457
-105.0,256.0,118.319151,137.031457
-105.0,266.0,137.031457,159.221235
-105.0,275.0,153.872533,159.221235
-105.0,285.0,159.221235,159.221235
-105.0,294.0,239.069,239.069
-105.0,303.0,252.156754,237.218234
-105.0,313.0,332.709677,332.709677
-105.0,322.0,405.207308,405.207308
-105.0,331.0,266.105025,266.105025
-105.0,341.0,328.78455,249.5942
-105.0,350.0,303.721142,249.5942
-105.0,359.0,249.5942,249.5942
-105.0,369.0,279.655875,249.48654
-105.0,378.0,149.562531,163.763282
-105.0,388.0,137.543841,86.550258
-105.0,397.0,126.727021,126.727021
-105.0,406.0,115.9102,52.450997
-105.0,416.0,35.60501,45.296676
-105.0,425.0,43.216595,43.216595
-105.0,434.0,150.83287,150.83287
-105.0,444.0,13.73116,4.723871
-94.0,60.0,96.601397,129.83492
-94.0,69.0,140.701039,144.210592
-94.0,78.0,155.076711,159.498866
-94.0,88.0,171.049681,146.0569
-94.0,97.0,122.301602,122.301602
-94.0,107.0,143.326119,129.011929
-94.0,116.0,135.051224,84.231723
-94.0,125.0,110.978829,84.231723
-94.0,135.0,84.231723,84.231723
-94.0,144.0,60.159328,88.257489
-94.0,153.0,92.283254,65.225544
-94.0,163.0,60.602399,78.042354
-94.0,172.0,40.780824,40.780824
-94.0,182.0,83.204467,83.204467
-94.0,191.0,98.458668,98.458668
-94.0,200.0,88.384572,131.312719
-94.0,210.0,120.247026,131.312719
-94.0,219.0,131.312719,131.312719
-94.0,228.0,99.96372,99.96372
-94.0,238.0,99.698124,133.380276
-94.0,247.0,116.5392,133.380276
-94.0,256.0,133.380276,133.380276
-94.0,266.0,152.092582,111.747195
-94.0,275.0,92.277423,92.277423
-94.0,285.0,91.414385,126.122871
-94.0,294.0,105.274726,160.762588
-94.0,303.0,252.156754,97.198072
-94.0,313.0,332.709677,97.198072
-94.0,322.0,405.207308,117.596224
-94.0,331.0,266.105025,266.105025
-94.0,341.0,376.435966,426.302883
-94.0,350.0,420.349525,420.349525
-94.0,359.0,197.267215,420.349525
-94.0,369.0,218.64347,276.812385
-94.0,378.0,98.568948,98.568948
-94.0,388.0,86.550258,86.550258
-94.0,397.0,75.733437,75.733437
-94.0,406.0,64.916616,55.342371
-94.0,416.0,65.588211,65.588211
-94.0,425.0,117.161097,83.738727
-94.0,434.0,170.152958,139.520978
-94.0,444.0,203.929337,195.059537
-82.0,60.0,129.83492,129.83492
-82.0,69.0,144.210592,144.210592
-82.0,78.0,158.586265,158.586265
-82.0,88.0,174.559235,174.559235
-82.0,97.0,188.934907,149.805619
-82.0,107.0,137.340939,137.340939
-82.0,116.0,131.403892,122.336218
-82.0,125.0,107.331497,107.331497
-82.0,135.0,126.767396,95.173721
-82.0,144.0,44.030974,44.030974
-82.0,153.0,40.847377,66.887317
-82.0,163.0,32.997284,32.997284
-82.0,172.0,25.573305,61.992645
-82.0,182.0,42.529015,47.779816
-82.0,191.0,57.789155,22.441533
-82.0,200.0,73.049294,21.431614
-82.0,210.0,16.098896,16.098896
-82.0,219.0,84.402013,99.82679
-82.0,228.0,94.489841,93.787518
-82.0,238.0,88.946096,88.069856
-82.0,247.0,88.169361,86.529589
-82.0,256.0,87.392627,86.529589
-82.0,266.0,86.529589,86.529589
-82.0,275.0,85.752855,88.18084
-82.0,285.0,90.015564,160.762588
-82.0,294.0,160.762588,160.762588
-82.0,303.0,224.980556,174.677413
-82.0,313.0,176.435116,97.198072
-82.0,322.0,405.207308,117.596224
-82.0,331.0,266.105025,349.511375
-82.0,341.0,432.917725,364.27174
-82.0,350.0,319.396838,350.432547
-82.0,359.0,336.593354,272.768443
-82.0,369.0,267.502469,247.727928
-82.0,378.0,216.780985,276.812385
-82.0,388.0,160.423781,92.00472
-82.0,397.0,109.702298,87.685702
-82.0,406.0,58.980815,55.342371
-82.0,416.0,114.7492,140.24153
-82.0,425.0,127.94469,127.180733
-82.0,434.0,127.180733,195.059537
-82.0,444.0,195.059537,195.059537
-82.0,453.0,-0.252398,6.682796
-70.0,60.0,133.344474,133.344474
-70.0,69.0,147.720146,147.720146
-70.0,78.0,162.095819,166.57275
-70.0,88.0,178.068788,183.501848
-70.0,97.0,192.444461,192.444461
-70.0,107.0,151.893463,192.444461
-70.0,116.0,144.383705,144.383705
-70.0,125.0,144.476158,144.383705
-70.0,135.0,64.873737,64.873737
-70.0,144.0,61.004373,61.051601
-70.0,153.0,57.229465,57.229465
-70.0,163.0,30.702938,57.229465
-70.0,172.0,30.824105,30.824105
-70.0,182.0,47.779816,47.779816
-70.0,191.0,22.441533,22.441533
-70.0,200.0,21.431614,21.431614
-70.0,210.0,20.30948,46.120691
-70.0,219.0,68.340861,68.340861
-70.0,228.0,93.787518,93.787518
-70.0,238.0,88.069856,88.069856
-70.0,247.0,77.51926,88.069856
-70.0,256.0,88.299134,73.99701
-70.0,266.0,80.005021,76.750313
-70.0,275.0,79.228287,75.221361
-70.0,285.0,89.764729,75.221361
-70.0,294.0,223.972477,118.00966
-70.0,303.0,97.806725,97.806725
-70.0,313.0,97.198072,97.198072
-70.0,322.0,117.596224,117.596224
-70.0,331.0,278.558261,278.558261
-70.0,341.0,345.854429,323.670619
-70.0,350.0,364.27174,364.27174
-70.0,359.0,333.135368,364.27174
-70.0,369.0,272.768443,83.024352
-70.0,378.0,276.812385,276.812385
-70.0,388.0,97.459181,97.459181
-70.0,397.0,99.637967,99.637967
-70.0,406.0,55.342371,55.342371
-70.0,416.0,140.24153,67.280681
-70.0,425.0,112.791735,81.564
-70.0,434.0,127.107849,103.052638
-70.0,444.0,175.644769,144.554146
-70.0,453.0,0.558828,0.558828
-58.0,60.0,136.854028,156.047906
-58.0,69.0,151.2297,151.2297
-58.0,78.0,165.605373,165.605373
-58.0,88.0,181.578342,204.56183
-58.0,97.0,142.482136,198.171965
-58.0,107.0,191.072115,178.764217
-58.0,116.0,145.434806,150.187062
-58.0,125.0,121.609906,87.700232
-58.0,135.0,74.978627,76.442906
-58.0,144.0,66.311313,66.311313
-58.0,153.0,46.04455,46.869462
-58.0,163.0,25.267405,25.172082
-58.0,172.0,22.75177,25.172082
-58.0,182.0,21.629637,35.180392
-58.0,191.0,20.619717,18.949719
-58.0,200.0,19.609797,19.609797
-58.0,210.0,18.487664,18.487664
-58.0,219.0,87.595905,44.806088
-58.0,228.0,93.085196,77.293665
-58.0,238.0,79.260028,74.732382
-58.0,247.0,87.369075,87.369075
-58.0,256.0,66.043494,81.034938
-58.0,266.0,73.99701,73.99701
-58.0,275.0,76.664824,73.99701
-58.0,285.0,75.221361,75.221361
-58.0,294.0,75.256733,63.34788
-58.0,303.0,104.920092,63.34788
-58.0,313.0,69.362365,81.452388
-58.0,322.0,169.766561,110.128321
-58.0,331.0,206.030461,139.546644
-58.0,341.0,248.019879,248.019879
-58.0,350.0,336.594965,306.14581
-58.0,359.0,305.458592,305.458592
-58.0,369.0,173.454032,173.771526
-58.0,378.0,124.550986,83.024352
-58.0,388.0,109.079985,98.595939
-58.0,397.0,138.289064,140.622328
-58.0,406.0,98.33511,70.317241
-58.0,416.0,93.659252,67.280681
-58.0,425.0,81.564,36.603432
-58.0,434.0,78.924544,25.0366
-58.0,444.0,94.048754,94.048754
-58.0,453.0,16.283905,49.380913
-58.0,463.0,-0.250022,-0.250022
-47.0,50.0,102.132188,102.132188
-47.0,60.0,140.071119,146.033708
-47.0,69.0,154.446791,156.047906
-47.0,78.0,140.606019,167.453366
-47.0,88.0,155.518744,192.570445
-47.0,97.0,204.56183,204.56183
-47.0,107.0,246.652891,190.984139
-47.0,116.0,178.764217,178.764217
-47.0,125.0,252.238884,135.628645
-47.0,135.0,87.700232,87.700232
-47.0,144.0,59.224727,87.700232
-47.0,153.0,54.646836,52.828227
-47.0,163.0,28.957545,38.272361
-47.0,172.0,25.172082,25.172082
-47.0,182.0,23.63092,23.63092
-47.0,191.0,18.949719,18.949719
-47.0,200.0,17.939799,17.939799
-47.0,210.0,16.817666,20.725456
-47.0,219.0,23.232546,23.232546
-47.0,228.0,62.1743,62.1743
-47.0,238.0,62.506363,54.306539
-47.0,247.0,64.042665,57.986826
-47.0,256.0,61.667112,61.667112
-47.0,266.0,63.515869,74.543476
-47.0,275.0,86.132203,83.077387
-47.0,285.0,74.097309,83.077387
-47.0,294.0,74.132682,69.561195
-47.0,303.0,63.34788,63.34788
-47.0,313.0,67.018844,67.018844
-47.0,322.0,103.282744,139.546644
-47.0,331.0,139.546644,139.546644
-47.0,341.0,158.338208,229.903456
-47.0,350.0,311.224587,311.224587
-47.0,359.0,159.077083,308.493326
-47.0,369.0,173.555961,83.024352
-47.0,378.0,83.024352,83.024352
-47.0,388.0,142.531363,140.622328
-47.0,397.0,140.622328,140.622328
-47.0,406.0,84.044206,67.280681
-47.0,416.0,67.280681,67.280681
-47.0,425.0,52.193509,36.603432
-47.0,434.0,26.710008,25.0366
-47.0,444.0,59.666382,77.600696
-47.0,453.0,73.278172,-0.250022
-47.0,463.0,34.067931,-0.250022
-35.0,50.0,117.676386,97.434558
-35.0,60.0,142.626453,156.047906
-35.0,69.0,156.047906,156.047906
-35.0,78.0,169.469358,169.469358
-35.0,88.0,184.382084,184.382084
-35.0,97.0,206.706927,193.940911
-35.0,107.0,238.187453,238.187453
-35.0,116.0,242.649515,208.475835
-35.0,125.0,224.110066,224.110066
-35.0,135.0,80.267486,152.315417
-35.0,144.0,74.692927,52.828227
-35.0,153.0,67.362432,52.828227
-35.0,163.0,52.828227,52.828227
-35.0,172.0,22.45558,24.304906
-35.0,182.0,30.743977,22.98234
-35.0,191.0,29.356931,27.709853
-35.0,200.0,27.969885,20.014986
-35.0,210.0,15.333725,15.333725
-35.0,219.0,14.74655,25.686299
-35.0,228.0,14.74655,31.007764
-35.0,238.0,70.40084,58.406451
-35.0,247.0,54.306539,91.743074
-35.0,256.0,89.466686,91.743074
-35.0,266.0,91.743074,83.077387
-35.0,275.0,93.791823,83.077387
-35.0,285.0,83.077387,83.077387
-35.0,294.0,71.627544,71.627544
-35.0,303.0,62.656133,57.159039
-35.0,313.0,53.762833,36.857167
-35.0,322.0,92.191788,73.386132
-35.0,331.0,67.018844,91.518082
-35.0,341.0,60.503658,60.503658
-35.0,350.0,290.255382,64.044838
-35.0,359.0,67.586018,67.586018
-35.0,369.0,149.106925,128.290156
-35.0,378.0,147.197891,149.74327
-35.0,388.0,145.076742,147.622121
-35.0,397.0,143.167707,143.167707
-35.0,406.0,68.454128,52.86405
-35.0,416.0,51.690604,51.690604
-35.0,425.0,36.603432,36.603432
-35.0,434.0,25.0366,25.0366
-35.0,444.0,77.600696,77.600696
-35.0,453.0,54.916633,77.600696
-35.0,463.0,71.017928,80.904474
-35.0,472.0,-0.250849,-0.250849
-23.0,50.0,92.736928,92.736928
-23.0,60.0,145.312242,115.862102
-23.0,69.0,150.160692,89.097751
-23.0,78.0,171.969938,223.729812
-23.0,88.0,249.949574,220.021672
-23.0,97.0,255.66126,214.520696
-23.0,107.0,233.060145,214.520696
-23.0,116.0,214.520696,214.520696
-23.0,125.0,195.981248,147.406296
-23.0,135.0,72.834741,72.834741
-23.0,144.0,67.260182,67.260182
-23.0,153.0,61.685623,52.828227
-23.0,163.0,55.491668,57.023836
-23.0,172.0,23.43773,22.98234
-23.0,182.0,22.98234,22.98234
-23.0,191.0,36.469987,20.014986
-23.0,200.0,20.014986,20.014986
-23.0,210.0,13.13435,24.291336
-23.0,219.0,28.140051,31.007764
-23.0,228.0,31.007764,31.007764
-23.0,238.0,34.194112,27.492812
-23.0,247.0,37.061825,27.492812
-23.0,256.0,27.492812,27.492812
-23.0,266.0,50.066726,30.239534
-23.0,275.0,32.711583,32.711583
-23.0,285.0,58.851366,55.082135
-23.0,294.0,38.57579,28.527856
-23.0,303.0,50.970197,50.970197
-23.0,313.0,36.857167,36.857167
-23.0,322.0,42.704016,42.704016
-23.0,331.0,43.489519,43.489519
-23.0,341.0,59.051558,43.489519
-23.0,350.0,114.1638,119.5602
-23.0,359.0,109.694741,102.357444
-23.0,369.0,83.243271,83.243271
-23.0,378.0,149.74327,149.74327
-23.0,388.0,147.622121,147.622121
-23.0,397.0,145.713087,145.713087
-23.0,406.0,52.86405,52.86405
-23.0,416.0,36.100526,28.849005
-23.0,425.0,38.00648,28.849005
-23.0,434.0,46.67028,51.318648
-23.0,444.0,76.840644,78.092924
-23.0,453.0,75.903728,75.903728
-23.0,463.0,78.923087,75.961201
-23.0,472.0,81.851964,-0.250849
-11.0,50.0,81.874216,95.037957
-11.0,60.0,85.676076,85.676076
-11.0,69.0,89.097751,89.097751
-11.0,78.0,223.729812,223.729812
-11.0,88.0,245.008494,247.445109
-11.0,97.0,251.553185,248.570227
-11.0,107.0,249.820358,249.820358
-11.0,116.0,186.391878,208.836394
-11.0,125.0,167.85243,167.85243
-11.0,135.0,65.401995,167.85243
-11.0,144.0,59.827436,88.113164
-11.0,153.0,54.252877,69.990716
-11.0,163.0,49.854664,27.673528
-11.0,172.0,15.013925,27.673528
-11.0,182.0,31.798566,34.547733
-11.0,191.0,40.749432,44.153227
-11.0,200.0,19.900845,18.719279
-11.0,210.0,14.592608,14.592608
-11.0,219.0,15.446389,23.397739
-11.0,228.0,16.30017,18.655428
-11.0,238.0,17.248815,26.148354
-11.0,247.0,18.102596,18.102596
-11.0,256.0,18.956377,22.550593
-11.0,266.0,19.719268,19.719268
-11.0,275.0,20.23869,23.20919
-11.0,285.0,27.086882,28.527856
-11.0,294.0,28.527856,28.527856
-11.0,303.0,33.143984,43.913682
-11.0,313.0,41.855987,38.91218
-11.0,322.0,36.95682,36.628462
-11.0,331.0,36.226132,40.793546
-11.0,341.0,87.063229,119.5602
-11.0,350.0,101.069064,119.5602
-11.0,359.0,119.5602,119.5602
-11.0,369.0,69.454882,85.297035
-11.0,378.0,157.064076,118.547035
-11.0,388.0,150.1675,177.95155
-11.0,397.0,148.258466,188.6734
-11.0,406.0,37.273973,56.441425
-11.0,416.0,26.78571,32.474766
-11.0,425.0,28.849005,28.849005
-11.0,434.0,78.614099,78.614099
-11.0,444.0,78.585151,77.600696
-11.0,453.0,78.968211,80.904474
-11.0,463.0,80.904474,80.904474
-11.0,472.0,81.059279,81.059279
-11.0,481.0,85.357386,85.357386
1.0,50.0,97.338986,138.259564
1.0,60.0,146.889693,138.259564
1.0,69.0,281.177337,187.480961
1.0,78.0,284.738688,231.635679
1.0,88.0,250.941043,246.279772
1.0,97.0,247.445109,247.445109
1.0,107.0,237.59485,241.721659
1.0,116.0,236.570554,236.570554
1.0,125.0,139.723612,204.019864
1.0,135.0,57.96925,88.113164
1.0,144.0,52.394691,88.113164
1.0,153.0,88.113164,27.673528
1.0,163.0,27.652955,27.673528
1.0,172.0,27.673528,27.673528
1.0,182.0,46.113126,44.153227
1.0,191.0,44.153227,44.153227
1.0,200.0,17.423571,17.423571
1.0,210.0,16.947866,15.93359
1.0,219.0,17.801647,18.655428
1.0,228.0,18.655428,18.655428
1.0,238.0,17.404084,20.964572
1.0,247.0,18.665329,20.964572
1.0,256.0,20.964572,20.964572
1.0,266.0,22.994622,20.309149
1.0,275.0,20.37623,20.37623
1.0,285.0,33.143984,27.838695
1.0,294.0,28.438468,44.137737
1.0,303.0,50.595787,50.595787
1.0,313.0,40.967194,40.967194
1.0,322.0,36.628462,36.628462
1.0,331.0,38.097572,38.097572
1.0,341.0,37.433941,63.86897
1.0,350.0,36.836673,36.836673
1.0,359.0,36.239405,76.021502
1.0,369.0,109.8055,87.3508
1.0,378.0,87.3508,87.3508
1.0,388.0,208.28098,188.6734
1.0,397.0,188.6734,188.6734
1.0,406.0,60.0188,38.76018
1.0,416.0,38.76018,38.76018
1.0,425.0,25.0366,146.559771
1.0,434.0,79.365615,185.092571
1.0,444.0,79.855246,185.078726
1.0,453.0,80.295914,80.904474
1.0,463.0,80.785544,80.904474
1.0,472.0,83.452576,81.024198
1.0,481.0,49.837527,54.985975
12.0,50.0,120.835853,24.751817
12.0,60.0,138.259564,138.259564
12.0,69.0,277.66557,231.635679
12.0,78.0,231.635679,231.635679
12.0,88.0,259.126341,259.126341
12.0,97.0,283.867937,253.593126
12.0,107.0,222.204551,222.204551
12.0,116.0,225.169403,229.387553
12.0,125.0,248.937038,107.47173
12.0,135.0,105.280603,107.47173
12.0,144.0,107.47173,107.47173
12.0,153.0,46.529282,63.831279
12.0,163.0,15.341888,15.341888
12.0,172.0,39.278163,32.472773
12.0,182.0,47.412921,41.937538
12.0,191.0,39.974407,44.74391
12.0,200.0,15.152737,18.228618
12.0,210.0,19.106852,19.106852
12.0,219.0,15.838307,17.034873
12.0,228.0,17.099552,18.483584
12.0,238.0,18.500936,27.242226
12.0,247.0,24.122105,27.594991
12.0,256.0,20.553046,27.594991
12.0,266.0,27.594991,27.594991
12.0,275.0,24.976599,38.214516
12.0,285.0,50.013989,50.013989
12.0,294.0,58.446795,58.446795
12.0,303.0,49.78106,45.990808
12.0,313.0,40.152466,39.263673
12.0,322.0,35.883288,36.472701
12.0,331.0,39.813059,41.91109
12.0,341.0,39.149428,81.466209
12.0,350.0,38.55216,100.788816
12.0,359.0,120.111422,105.916127
12.0,369.0,133.222408,105.916127
12.0,378.0,120.23223,172.454253
12.0,388.0,154.178531,245.40718
12.0,397.0,165.637399,207.246803
12.0,406.0,147.738916,122.051249
12.0,416.0,167.456941,189.723011
12.0,425.0,254.461306,254.461306
12.0,434.0,329.640503,282.697837
12.0,444.0,282.697837,78.585151
12.0,453.0,240.449437,186.823241
12.0,463.0,80.551373,80.295914
12.0,472.0,80.992041,80.992041
12.0,481.0,27.145514,27.145514
24.0,50.0,24.751817,105.880491
24.0,60.0,129.117461,105.880491
24.0,69.0,206.706254,104.531764
24.0,78.0,259.507871,153.181759
24.0,88.0,152.829114,349.597505
24.0,97.0,85.956095,115.632007
24.0,107.0,45.044,115.632007
24.0,116.0,115.632007,115.632007
24.0,125.0,112.493846,120.662949
24.0,135.0,126.252885,126.252885
24.0,144.0,105.975101,116.862308
24.0,153.0,74.752093,74.752093
24.0,163.0,123.961551,43.483564
24.0,172.0,37.708314,41.937538
24.0,182.0,41.937538,41.937538
24.0,191.0,45.388292,24.81595
24.0,200.0,24.81595,19.106852
24.0,210.0,15.773628,21.811162
24.0,219.0,17.034873,17.034873
24.0,228.0,18.296118,27.242226
24.0,238.0,27.242226,20.104107
24.0,247.0,23.673167,20.104107
24.0,256.0,20.104107,27.594991
24.0,266.0,32.613575,24.046678
24.0,275.0,43.394292,43.394292
24.0,285.0,36.928838,46.49592
24.0,294.0,43.0465,69.01438
24.0,303.0,58.696068,39.263673
24.0,313.0,39.263673,39.263673
24.0,322.0,36.302781,36.302781
24.0,331.0,41.91109,81.466209
24.0,341.0,41.020868,81.466209
24.0,350.0,81.466209,105.916127
24.0,359.0,143.084759,105.916127
24.0,369.0,105.916127,105.916127
24.0,378.0,265.294383,245.40718
24.0,388.0,245.40718,245.40718
24.0,397.0,227.508697,209.610214
24.0,406.0,209.610214,189.723011
24.0,416.0,189.723011,189.723011
24.0,425.0,299.271697,311.98672
24.0,434.0,326.09191,321.445427
24.0,444.0,297.974094,313.250352
24.0,453.0,255.725695,313.250352
24.0,463.0,208.783028,133.016065
24.0,472.0,159.8028,80.992041
24.0,481.0,2.390591,27.145514
36.0,50.0,34.660663,65.316154
36.0,60.0,105.880491,105.880491
36.0,69.0,104.531764,78.620741
36.0,78.0,74.727839,244.035762
36.0,88.0,349.597505,71.198699
36.0,97.0,48.780386,93.912734
36.0,107.0,119.150551,116.392773
36.0,116.0,116.01239,119.535446
36.0,125.0,122.678119,122.982103
36.0,135.0,107.736399,98.524886
36.0,144.0,76.51339,76.51339
36.0,153.0,126.736653,104.169598
36.0,163.0,134.898717,38.302428
36.0,172.0,38.005371,38.302428
36.0,182.0,38.293334,40.263965
36.0,191.0,42.06064,38.849558
36.0,200.0,42.430084,26.89852
36.0,210.0,28.98109,28.98109
36.0,219.0,13.9141,42.894964
36.0,228.0,30.758909,55.383064
36.0,238.0,26.793288,36.437239
36.0,247.0,23.224228,23.224228
36.0,256.0,19.655169,30.049037
36.0,266.0,37.632159,37.632159
36.0,275.0,35.794414,37.632159
36.0,285.0,46.49592,100.839762
36.0,294.0,79.581966,62.200594
36.0,303.0,73.875551,62.200594
36.0,313.0,84.1623,61.712987
36.0,322.0,125.22005,80.761415
36.0,331.0,173.180066,74.05979
36.0,341.0,106.20849,106.20849
36.0,350.0,207.139145,139.701818
36.0,359.0,173.195146,173.195146
36.0,369.0,106.428949,116.261095
36.0,378.0,327.165681,255.350781
36.0,388.0,307.278478,217.027732
36.0,397.0,289.379995,210.395455
36.0,406.0,271.481513,199.666613
36.0,416.0,251.59431,251.59431
36.0,425.0,311.98672,311.98672
36.0,434.0,333.764144,313.250352
36.0,444.0,313.250352,313.250352
36.0,453.0,271.001952,252.727912
36.0,463.0,185.480757,185.480757
36.0,472.0,164.677021,164.677021
36.0,481.0,71.694545,71.694545
36.0,491.0,3.215755,3.215755
48.0,50.0,44.569509,44.569509
48.0,60.0,103.815469,78.998892
48.0,69.0,156.426443,78.620741
48.0,78.0,174.260695,159.3818
48.0,88.0,296.816633,244.035762
48.0,97.0,71.198699,71.198699
48.0,107.0,119.530935,71.198699
48.0,116.0,116.392773,125.757205
48.0,125.0,112.96692,124.442683
48.0,135.0,122.982103,122.982103
48.0,144.0,130.327961,122.982103
48.0,153.0,137.673819,137.673819
48.0,163.0,230.541,85.373087
48.0,172.0,38.302428,38.302428
48.0,182.0,38.590391,38.590391
48.0,191.0,38.849558,38.849558
48.0,200.0,41.570019,65.8695
48.0,210.0,46.579075,67.388213
48.0,219.0,68.755055,68.755055
48.0,228.0,55.383064,55.383064
48.0,238.0,45.632252,100.68383
48.0,247.0,84.446375,101.28073
48.0,256.0,101.877631,97.411501
48.0,266.0,67.761561,79.078757
48.0,275.0,62.579288,100.839762
48.0,285.0,87.260051,100.839762
48.0,294.0,87.357657,70.89128
48.0,303.0,62.200594,62.200594
48.0,313.0,84.1623,84.1623
48.0,322.0,125.22005,88.689606
48.0,331.0,88.689606,106.20849
48.0,341.0,195.599602,97.910071
48.0,350.0,106.13047,126.606064
48.0,359.0,216.78168,126.606064
48.0,369.0,126.606064,126.606064
48.0,378.0,178.444312,178.444312
48.0,388.0,188.648285,210.395455
48.0,397.0,210.395455,210.395455
48.0,406.0,333.352811,333.352811
48.0,416.0,313.465608,313.465608
48.0,425.0,295.567125,310.484673
48.0,434.0,320.349857,332.24697
48.0,444.0,328.526609,324.409926
48.0,453.0,286.27821,286.27821
48.0,463.0,231.363514,221.645855
48.0,472.0,40.202631,167.165282
48.0,481.0,28.257423,68.647165
60.0,50.0,54.478354,48.507482
60.0,60.0,52.117292,52.117292
60.0,69.0,78.620741,329.688931
60.0,78.0,329.688931,244.035762
60.0,88.0,244.035762,244.035762
60.0,97.0,93.617012,185.239973
60.0,107.0,119.911318,125.757205
60.0,116.0,114.728218,125.757205
60.0,125.0,125.757205,125.757205
60.0,135.0,133.919269,133.919269
60.0,144.0,141.265127,141.265127
60.0,153.0,148.610985,92.51127
60.0,163.0,38.340318,38.340318
60.0,172.0,38.599485,38.599485
60.0,182.0,38.887448,39.159751
60.0,191.0,39.146615,39.146615
60.0,200.0,39.405783,117.04792
60.0,210.0,65.8695,65.8695
60.0,219.0,43.4595,61.778364
60.0,228.0,121.423348,111.780161
60.0,238.0,93.04847,74.354814
60.0,247.0,100.68383,100.68383
60.0,256.0,100.476492,99.13378
60.0,266.0,97.411501,100.839762
60.0,275.0,86.321402,100.839762
60.0,285.0,100.839762,100.839762
60.0,294.0,79.796688,79.796688
60.0,303.0,72.789394,72.789394
60.0,313.0,84.1623,84.1623
60.0,322.0,125.22005,218.360331
60.0,331.0,121.743193,121.743193
60.0,341.0,137.945932,137.945932
60.0,350.0,180.321164,177.652278
60.0,359.0,217.358625,217.358625
60.0,369.0,98.6203,162.441415
60.0,378.0,127.067756,156.693023
60.0,388.0,239.257286,121.296601
60.0,397.0,138.435777,255.512388
60.0,406.0,263.071933,196.048068
60.0,416.0,287.235455,314.572589
60.0,425.0,308.982626,308.982626
60.0,434.0,330.729796,330.729796
60.0,444.0,335.5695,335.5695
60.0,453.0,213.6074,312.220994
60.0,463.0,157.0135,157.0135
60.0,472.0,169.653543,169.653543
60.0,481.0,65.599785,65.599785
71.0,50.0,13.114421,13.114421
71.0,60.0,50.092723,216.265376
71.0,69.0,76.596172,198.696832
71.0,78.0,281.306465,364.018476
71.0,88.0,195.653296,217.299999
71.0,97.0,114.167133,128.437083
71.0,107.0,118.944659,128.437083
71.0,116.0,128.437083,128.437083
71.0,125.0,135.782941,127.167667
71.0,135.0,143.945005,143.945005
71.0,144.0,151.290863,142.605066
71.0,153.0,158.63672,158.63672
71.0,163.0,38.61262,38.871787
71.0,172.0,38.871787,38.871787
71.0,182.0,39.159751,39.159751
71.0,191.0,39.418918,117.04792
71.0,200.0,117.04792,117.04792
71.0,210.0,45.246969,76.556509
71.0,219.0,40.11424,40.11424
71.0,228.0,163.4775,163.4775
71.0,238.0,109.448349,109.448349
71.0,247.0,153.571686,105.066089
71.0,256.0,105.841783,105.841783
71.0,266.0,141.28474,101.404793
71.0,275.0,120.577253,100.839762
71.0,285.0,96.510382,102.867857
71.0,294.0,89.503088,100.091888
71.0,303.0,82.495794,84.1623
71.0,313.0,84.1623,84.1623
71.0,322.0,218.360331,218.360331
71.0,331.0,152.042315,152.042315
71.0,341.0,168.245054,182.827518
71.0,350.0,182.827518,182.827518
71.0,359.0,217.887491,188.73103
71.0,369.0,195.290486,156.693023
71.0,378.0,156.693023,156.693023
71.0,388.0,121.296601,121.296601
71.0,397.0,296.869578,196.048068
71.0,406.0,196.048068,196.048068
71.0,416.0,315.587322,315.587322
71.0,425.0,177.58566,65.474934
71.0,434.0,332.690194,249.364681
71.0,444.0,208.800492,51.253183
71.0,453.0,117.174826,157.0135
71.0,463.0,91.476506,67.123098
83.0,50.0,18.957212,23.661634
83.0,60.0,395.336013,395.336013
83.0,69.0,390.615606,390.615606
83.0,78.0,364.018476,364.018476
83.0,88.0,188.133712,188.133712
83.0,97.0,201.629514,161.159117
83.0,107.0,131.187344,131.187344
83.0,116.0,139.374249,131.187344
83.0,125.0,146.720107,146.720107
83.0,135.0,154.882171,154.882171
83.0,144.0,162.228029,162.228029
83.0,153.0,169.573886,162.228029
83.0,163.0,38.909677,39.465901
83.0,172.0,39.168844,39.465901
83.0,182.0,39.456808,78.990712
83.0,191.0,117.934796,78.233419
83.0,200.0,111.230009,91.390091
83.0,210.0,52.638099,52.638099
83.0,219.0,47.50537,54.8965
83.0,228.0,42.372641,129.621894
83.0,238.0,265.233728,63.273325
83.0,247.0,223.296273,163.952759
83.0,256.0,181.358818,163.952759
83.0,266.0,163.952759,163.952759
83.0,275.0,159.694264,136.065816
83.0,285.0,105.080324,100.091888
83.0,294.0,100.091888,100.091888
83.0,303.0,93.084594,83.637933
83.0,313.0,84.1623,94.50234
83.0,322.0,237.148946,255.93756
83.0,331.0,185.095902,176.670478
83.0,341.0,201.298641,201.298641
83.0,350.0,215.881106,192.06308
83.0,359.0,227.702761,227.702761
83.0,369.0,193.206892,175.991755
83.0,378.0,182.205733,117.259303
83.0,388.0,326.276838,73.192002
83.0,397.0,348.742502,25.270776
83.0,406.0,348.451995,115.44482
83.0,416.0,289.702875,190.531128
83.0,425.0,65.474934,65.474934
83.0,434.0,160.602738,160.602738
83.0,444.0,51.253183,65.599785
95.0,50.0,23.661634,23.661634
95.0,60.0,359.298637,238.419707
95.0,69.0,322.097803,144.444
95.0,78.0,273.867759,446.549738
95.0,88.0,516.477868,486.23035
95.0,97.0,341.859245,341.859245
95.0,107.0,156.591827,230.979297
95.0,116.0,149.8849,149.8849
95.0,125.0,157.657273,157.432791
95.0,135.0,165.819337,165.819337
95.0,144.0,173.165195,164.023683
95.0,153.0,192.324004,39.465901
95.0,163.0,39.206734,39.465901
95.0,172.0,39.465901,39.465901
95.0,182.0,118.821673,118.821673
95.0,191.0,112.116886,112.116886
95.0,200.0,65.732262,65.732262
95.0,210.0,60.02923,60.02923
95.0,219.0,54.8965,54.8965
95.0,228.0,95.766289,63.273325
95.0,238.0,63.273325,63.273325
95.0,247.0,190.254642,124.559839
95.0,256.0,185.846352,185.846352
95.0,266.0,174.326544,174.323408
95.0,275.0,157.528627,157.528627
95.0,285.0,106.550649,135.870558
95.0,294.0,105.227357,120.612314
95.0,303.0,83.637933,83.637933
95.0,313.0,104.842379,255.93756
95.0,322.0,255.93756,255.93756
95.0,331.0,218.149489,201.298641
95.0,341.0,262.039904,209.280622
95.0,350.0,287.983152,287.983152
95.0,359.0,179.228135,259.429283
95.0,369.0,181.227479,156.693023
95.0,378.0,117.259303,117.259303
95.0,388.0,25.087403,25.270776
95.0,397.0,25.270776,25.270776
95.0,406.0,34.841571,34.841571
95.0,416.0,45.475788,65.474934
95.0,425.0,55.046583,51.046847
107.0,60.0,81.5034,144.444
107.0,69.0,144.444,144.444
107.0,78.0,529.081,486.23035
107.0,88.0,486.23035,486.23035
107.0,97.0,310.416651,343.745725
107.0,107.0,185.429475,185.429475
107.0,116.0,179.598285,181.783515
107.0,125.0,178.137555,184.102361
107.0,135.0,185.587411,184.102361
107.0,144.0,184.102361,184.102361
107.0,153.0,216.461054,148.799586
107.0,163.0,109.57428,109.57428
107.0,172.0,103.768553,77.050758
107.0,182.0,113.003762,107.185852
107.0,191.0,106.298975,88.924574
107.0,200.0,73.123392,73.123392
107.0,210.0,67.42036,67.42036
107.0,219.0,107.111807,89.975454
107.0,228.0,63.803574,82.576732
107.0,238.0,53.223841,43.385878
107.0,247.0,42.461192,42.461192
107.0,256.0,105.392413,42.461192
107.0,266.0,3.426019,13.465737
107.0,275.0,8.317164,71.446968
107.0,285.0,135.870558,71.569769
107.0,294.0,141.132739,103.380486
107.0,303.0,131.624672,103.380486
107.0,313.0,174.074843,162.781387
107.0,322.0,230.302065,266.717316
107.0,331.0,392.800889,286.593397
107.0,341.0,382.572473,382.572473
107.0,350.0,305.214093,326.637422
107.0,359.0,270.70237,270.70237
107.0,369.0,50.14201,149.243391
107.0,378.0,31.351055,85.160945
107.0,388.0,39.698392,25.17909
107.0,397.0,49.269187,47.291094
107.0,406.0,58.839982,50.840512
119.0,78.0,395.766743,45.568098
119.0,88.0,523.770623,427.612425
119.0,97.0,380.390446,380.390446
119.0,107.0,318.675908,336.965704
119.0,116.0,297.883436,161.541452
119.0,125.0,277.090964,161.541452
119.0,135.0,161.541452,161.541452
119.0,144.0,201.316357,172.821906
119.0,153.0,175.389711,175.389711
119.0,163.0,119.895573,114.635615
119.0,172.0,114.635615,114.635615
119.0,182.0,107.185852,107.185852
119.0,191.0,100.481065,100.481065
119.0,200.0,80.514523,80.514523
119.0,210.0,162.381864,103.956568
119.0,219.0,125.054409,82.576732
119.0,228.0,82.576732,82.576732
119.0,238.0,23.49843,23.49843
119.0,247.0,12.735781,32.979811
119.0,256.0,11.440031,13.465737
119.0,266.0,8.574593,13.465737
119.0,275.0,13.465737,13.465737
119.0,285.0,231.013615,71.569769
119.0,294.0,246.50266,92.869532
119.0,303.0,103.380486,103.380486
119.0,313.0,220.720395,220.720395
119.0,322.0,277.497071,286.593397
119.0,331.0,286.593397,286.593397
119.0,341.0,101.401364,252.086776
119.0,350.0,221.030818,221.030818
119.0,359.0,56.405661,244.559448
119.0,369.0,43.491792,43.491792
119.0,378.0,53.062587,53.062587
119.0,388.0,69.311411,25.270776
130.0,78.0,45.568098,45.568098
130.0,88.0,373.879328,373.879328
130.0,97.0,182.514011,376.963542
130.0,107.0,22.229001,168.178017
130.0,116.0,21.565081,168.178017
130.0,125.0,168.178017,168.178017
130.0,135.0,145.07527,164.685088
130.0,144.0,168.360603,168.360603
130.0,153.0,106.155753,171.69018
130.0,163.0,54.617012,54.617012
130.0,172.0,90.85368,75.916211
130.0,182.0,117.551825,66.209916
130.0,191.0,95.147981,64.416803
130.0,200.0,122.673756,52.854664
130.0,210.0,124.872371,124.872371
130.0,219.0,103.097749,117.467623
130.0,228.0,47.901574,109.191129
130.0,238.0,116.854981,58.694244
130.0,247.0,97.089677,97.089677
130.0,256.0,77.324374,88.990466
130.0,266.0,79.991343,79.991343
130.0,275.0,49.94176,48.479214
130.0,285.0,71.569769,92.869532
130.0,294.0,92.869532,92.869532
130.0,303.0,188.974296,99.193272
130.0,313.0,252.059492,153.283684
130.0,322.0,227.696936,265.832944
130.0,331.0,270.578853,253.108443
130.0,341.0,139.796054,139.796054
130.0,350.0,61.799361,97.326087
130.0,359.0,54.856119,54.856119
130.0,369.0,70.397322,68.530088
142.0,97.0,287.324549,21.9396
142.0,107.0,22.603519,21.9396
142.0,116.0,21.9396,21.9396
142.0,125.0,21.27568,21.27568
142.0,135.0,20.537992,3.595986
142.0,144.0,4.878738,3.595986
142.0,153.0,3.595986,3.595986
142.0,163.0,30.664125,19.428025
142.0,172.0,33.67686,33.67686
142.0,182.0,21.508894,64.416803
142.0,191.0,64.416803,64.416803
142.0,200.0,22.680272,22.680272
142.0,210.0,59.060287,58.300508
142.0,219.0,90.358721,109.191129
142.0,228.0,109.191129,122.274233
142.0,238.0,122.274233,122.274233
142.0,247.0,134.049027,109.681955
142.0,256.0,149.198204,77.76511
142.0,266.0,94.300668,77.76511
142.0,275.0,77.76511,77.76511
142.0,285.0,43.690733,64.174983
142.0,294.0,29.296471,91.047869
142.0,303.0,99.193272,153.283684
142.0,313.0,153.283684,153.283684
142.0,322.0,70.985578,253.108443
142.0,331.0,253.108443,253.108443
142.0,341.0,65.975129,155.579407
142.0,350.0,67.803275,67.803275
154.0,107.0,40.838034,40.838034
154.0,116.0,22.314119,40.838034
154.0,125.0,21.650199,3.2007
154.0,135.0,18.600083,4.517226
154.0,144.0,5.7021,3.607222
154.0,153.0,2.057672,2.733897
154.0,163.0,1.763536,27.085283
154.0,172.0,13.778985,27.085283
154.0,182.0,35.899554,28.140211
154.0,191.0,54.654476,49.594165
154.0,200.0,55.906131,21.238732
154.0,210.0,40.350565,20.820133
154.0,219.0,16.464975,20.820133
154.0,228.0,137.450634,89.239658
154.0,238.0,150.533738,114.498105
154.0,247.0,106.721978,106.721978
154.0,256.0,138.660899,94.223132
154.0,266.0,80.335525,80.335525
154.0,275.0,63.025274,79.11796
154.0,285.0,64.174983,72.043831
154.0,294.0,89.226206,66.374614
154.0,303.0,85.395988,66.374614
154.0,313.0,81.14019,172.164947
154.0,322.0,82.748311,159.741528
166.0,116.0,62.089431,3.2007
166.0,125.0,20.997037,3.2007
166.0,135.0,3.2007,3.2007
166.0,144.0,0.766837,3.403961
166.0,153.0,3.607222,27.085283
166.0,163.0,12.486815,27.085283
166.0,172.0,27.085283,27.085283
166.0,182.0,41.79295,34.771527
166.0,191.0,34.771527,34.771527
166.0,200.0,21.238732,20.820133
166.0,210.0,21.640843,20.820133
166.0,219.0,20.820133,20.820133
166.0,228.0,33.21798,69.288188
166.0,238.0,69.288188,69.288188
166.0,247.0,101.22711,88.005083
166.0,256.0,133.166031,133.166031
166.0,266.0,66.898951,113.172386
166.0,275.0,95.178105,72.043831
166.0,285.0,32.359315,72.043831
166.0,294.0,49.366964,70.154092
166.0,303.0,66.374614,253.108443
178.0,125.0,1.002647,1.002647
178.0,135.0,12.974591,2.159517
178.0,144.0,12.594611,23.210093
178.0,153.0,5.156772,23.210093
178.0,163.0,23.210093,23.210093
178.0,172.0,29.258704,24.037307
178.0,182.0,34.986487,34.986487
178.0,191.0,35.947542,31.853239
178.0,200.0,32.125972,34.538077
178.0,210.0,18.963733,18.963733
178.0,219.0,20.012796,20.20119
178.0,228.0,26.358383,19.943893
178.0,238.0,33.074593,50.48909
178.0,247.0,32.766863,133.166031
178.0,256.0,32.459132,80.324364
178.0,266.0,36.138793,72.043831
178.0,275.0,53.146442,72.043831
178.0,285.0,72.043831,72.043831
189.0,144.0,23.140923,16.116723
189.0,153.0,37.845484,23.210093
189.0,163.0,23.92122,30.142647
189.0,172.0,21.243328,34.986487
189.0,182.0,34.986487,34.986487
189.0,191.0,29.178142,34.538077
189.0,200.0,34.538077,34.538077
189.0,210.0,25.665993,26.693735
189.0,219.0,19.633826,19.633826
189.0,228.0,19.943893,19.943893
189.0,238.0,33.256584,33.256584
189.0,247.0,25.550998,22.4063
189.0,256.0,22.4063,72.043831
189.0,266.0,72.516265,34.605759
201.0,163.0,14.122296,14.122296
201.0,172.0,17.451672,17.758002
201.0,182.0,17.784273,21.797676
201.0,191.0,21.793342,25.433382
201.0,200.0,27.153277,29.069088
201.0,210.0,33.108761,33.108761
201.0,219.0,-0.905594,-0.220354
201.0,228.0,2.326332,-0.220354
201.0,238.0,5.917361,-0.220354
201.0,247.0,-0.220354,-0.220354
